{
    "parent": "watching:main/spotted_herobrine",
    "display": {
        "icon": {
            "item": "minecraft:disc_fragment_5",
            "nbt": "{CustomModelData:1359003}"
        },
        "title": {
            "translate": "advancements.ftf.didnt_notice_herobrine.title"
        },
        "description": {
            "translate": "advancements.ftf.didnt_notice_herobrine.description"
        },
        "show_toast": true,
        "announce_to_chat": true
    },
    "criteria": {
        "requirement": {
            "trigger": "minecraft:impossible"
        }
    }
}