{
    "parent": "watching:main/root",
    "display": {
        "icon": {
            "item": "minecraft:disc_fragment_5",
            "nbt": "{CustomModelData:1359006}"
        },
        "title": {
            "translate": "advancements.ftf.found_herobrine_structure.title"
        },
        "description": {
            "translate": "advancements.ftf.found_herobrine_structure.description"
        },
        "show_toast": true,
        "announce_to_chat": true
    },
    "criteria": {
        "requirement": {
            "trigger": "minecraft:impossible"
        }
    }
}